{
  "average_accuracy": 0.7945100721758881,
  "average_f1": 0.7399597978856438,
  "average_precision": 0.7315177604045625,
  "average_recall": 0.7945100721758881
}