Overall_Accuracy,Overall_F1
0.8540170310540486,0.4230761538801358
